input,output
"Comment puis-je ouvrir un compte bancaire ?","Vous pouvez ouvrir un compte bancaire en ligne sur notre site web ou en visitant une de nos agences. Avez-vous besoin d'assistance pour choisir un type de compte ?"
"Quels documents sont nécessaires pour ouvrir un compte ?","Pour ouvrir un compte, vous aurez besoin d'une pièce d'identité valide, d'un justificatif de domicile récent et d'un justificatif de revenus si applicable."
"Puis-je avoir un compte joint ?","Oui, nous proposons des comptes joints. Chaque titulaire devra fournir les documents nécessaires et signer les formulaires d'ouverture."
"Comment vérifier mon solde ?","Vous pouvez vérifier votre solde via notre application mobile, notre site internet ou en appelant notre service client."
"Quels sont les horaires d'ouverture de vos agences ?","Nos agences sont ouvertes du lundi au vendredi de 9h00 à 17h00. Certaines agences ouvrent également le samedi matin."
"Comment commander un chéquier ?","Vous pouvez commander un chéquier directement depuis votre espace client en ligne ou en contactant notre service client."
"Comment signaler une carte bancaire perdue ?","Pour signaler une carte perdue, connectez-vous à votre espace client ou appelez immédiatement notre service d’opposition au 1234 567 890."
"Quelles sont vos offres de crédit immobilier ?","Nous proposons des crédits immobiliers avec des taux compétitifs. Souhaitez-vous être mis en relation avec un conseiller pour une simulation ?"
"Comment fonctionne l'épargne automatique ?","L'épargne automatique consiste à transférer un montant défini de votre compte courant vers votre compte épargne à une fréquence choisie. Vous pouvez paramétrer cette option via votre espace client."
"Comment modifier mon adresse postale ?","Pour modifier votre adresse postale, connectez-vous à votre espace client, rendez-vous dans la section 'Profil' et mettez à jour vos informations personnelles."
"Quels sont les frais de gestion pour un compte courant ?","Les frais de gestion pour un compte courant standard sont de 5 € par mois. Vous pouvez consulter tous les détails sur notre site web ou demander une brochure."
"Comment sécurisez-vous mes données personnelles ?","Nous utilisons des systèmes de cryptage avancés et respectons les normes de sécurité GDPR pour protéger vos données. Vous pouvez lire notre politique de confidentialité sur notre site web."
"Offrez-vous des cartes bancaires sans contact ?","Oui, toutes nos cartes bancaires incluent la fonctionnalité sans contact. Vous pouvez activer ou désactiver cette option dans votre espace client."
"Quels sont les avantages de votre carte premium ?","Notre carte premium offre des plafonds de paiement élevés, une assurance voyage incluse et un accès à des lounges dans les aéroports."
"Puis-je rembourser mon prêt par anticipation ?","Oui, il est possible de rembourser votre prêt par anticipation. Des frais peuvent s'appliquer selon les conditions de votre contrat. Souhaitez-vous en savoir plus ?"
"Quels sont les délais pour recevoir une carte bancaire ?","Une fois votre demande validée, vous recevrez votre carte bancaire sous 5 à 7 jours ouvrés à votre domicile."
"Puis-je activer ma carte bancaire à l'étranger ?","Oui, vous pouvez activer votre carte bancaire à l'étranger. Assurez-vous que votre carte est configurée pour les paiements internationaux dans votre espace client."
"Quels sont les taux d'intérêt pour un compte épargne ?","Les taux d'intérêt pour nos comptes épargne varient entre 0,5 % et 1,2 % en fonction du type de compte choisi. Souhaitez-vous comparer les options ?"
"Offrez-vous des assurances pour les prêts ?","Oui, nous proposons des assurances pour protéger vos prêts en cas d'imprévus. Souhaitez-vous être mis en relation avec un conseiller ?"
"Comment télécharger mon relevé bancaire ?","Connectez-vous à votre espace client, accédez à la section 'Relevés', et téléchargez le relevé de votre choix au format PDF."
"Comment puis-je contacter le service client ?","Vous pouvez nous contacter par téléphone au 1234 567 890, par e-mail à support@banque.fr, ou via le chat en ligne sur notre site."
"Puis-je annuler un virement ?","Si le virement est en attente, vous pouvez l'annuler via votre espace client. Si le virement est déjà effectué, il ne peut pas être annulé."
"Comment déclarer un litige sur une transaction ?","Vous pouvez déclarer un litige en remplissant le formulaire dans votre espace client ou en contactant notre service dédié au 1234 567 891."
"Quels types de prêts proposez-vous ?","Nous proposons des prêts personnels, des crédits immobiliers et des prêts auto. Souhaitez-vous en savoir plus sur l'un de ces produits ?"
"Comment mettre à jour mon numéro de téléphone ?","Pour mettre à jour votre numéro, connectez-vous à votre espace client, accédez à la section 'Profil' et modifiez votre numéro."
"Comment activer les notifications pour mes comptes ?","Vous pouvez activer les notifications dans les paramètres de votre application mobile ou depuis votre espace client en ligne."
"Puis-je avoir une carte virtuelle pour mes paiements en ligne ?","Oui, nous proposons des cartes virtuelles pour sécuriser vos paiements en ligne. Vous pouvez les générer dans votre espace client."
"Quelles sont les conditions pour obtenir un prêt étudiant ?","Pour un prêt étudiant, vous devez avoir entre 18 et 30 ans et être inscrit dans un établissement d'enseignement supérieur. Avez-vous besoin d'aide pour faire une demande ?"
"Comment puis-je ajouter un bénéficiaire à mon compte bancaire ?","Pour ajouter un bénéficiaire, allez dans la section 'Virements' de votre espace client, et suivez les instructions pour enregistrer ses coordonnées bancaires. Vous devrez confirmer l'ajout avec un code de sécurité."
"Puis-je faire un virement international depuis mon compte ?","Oui, vous pouvez effectuer un virement international en ligne. Les frais et délais peuvent varier en fonction de la destination. Consultez notre grille tarifaire pour plus de détails."
"Quels sont les avantages de la carte de crédit ?","Les cartes de crédit offrent des avantages comme la possibilité de payer en plusieurs fois, des assurances voyage et une protection contre la fraude."
"Comment bénéficier d'une autorisation de découvert ?","Vous pouvez demander une autorisation de découvert en remplissant un formulaire en ligne ou en contactant un conseiller. Cette autorisation est soumise à l'approbation de la banque."
"Puis-je bloquer ma carte bancaire temporairement ?","Oui, vous pouvez bloquer temporairement votre carte via l'application mobile ou en ligne pour la sécurité de vos fonds. Cela permet de prévenir toute utilisation frauduleuse jusqu'à ce que vous soyez prêt à la réactiver."
"Puis-je consulter mes transactions passées ?","Oui, vous pouvez consulter votre historique de transactions sur une période donnée dans la section 'Relevés' de votre espace client."
"Puis-je avoir un compte sans frais mensuels ?","Nous proposons des comptes sans frais mensuels sous certaines conditions, telles que des versements réguliers. Contactez un conseiller pour connaître les critères exacts."
"Puis-je souscrire à une assurance-vie ?","Oui, nous proposons plusieurs options d'assurance-vie pour protéger vos proches en cas de décès. Vous pouvez choisir le montant de la couverture et les bénéficiaires."
"Quels sont les frais de gestion pour un compte d'épargne ?","Les frais de gestion pour un compte d'épargne varient en fonction de la banque. En général, nos comptes d'épargne sont sans frais de gestion."
"Quels sont les critères pour ouvrir un compte en ligne ?","Pour ouvrir un compte en ligne, vous devez fournir un justificatif de domicile, une pièce d'identité valide et, si applicable, un justificatif de revenus."
"Puis-je obtenir un crédit renouvelable ?","Le crédit renouvelable est disponible si vous remplissez les critères de solvabilité. Vous pouvez en faire la demande en ligne ou via votre conseiller."
"Puis-je changer mon plafond de retrait ?","Oui, vous pouvez ajuster votre plafond de retrait depuis votre espace client ou en contactant notre service client."
"Que faire si mon compte est à découvert ?","Si votre compte est à découvert, vous devez régulariser votre situation dans les plus brefs délais. Si vous avez des difficultés financières, nous vous conseillons de contacter un conseiller pour envisager des solutions adaptées."
"Qu'est-ce qu'une carte prépayée ?","Une carte prépayée est une carte qui vous permet de charger un montant spécifique pour effectuer des achats en ligne ou en magasin. Elle n'est pas liée à un compte bancaire."
"Comment faire opposition à un chèque volé ?","Pour faire opposition à un chèque volé, vous devez contacter immédiatement notre service d'opposition au 1234 567 890 ou via l'application mobile."
"Puis-je effectuer un paiement mobile ?","Oui, nous proposons des paiements mobiles via des services comme Apple Pay, Google Pay, et Samsung Pay. Vous pouvez configurer cela dans votre espace client."
"Quels sont les avantages d'un compte premium ?","Un compte premium offre des services supplémentaires, tels qu'une carte bancaire haut de gamme, une assistance téléphonique prioritaire et des plafonds de paiement plus élevés."
"Comment modifier mes informations bancaires ?","Pour modifier vos informations bancaires (adresse, téléphone, etc.), connectez-vous à votre espace client et mettez à jour vos données personnelles."
"Comment déposer un chèque sur mon compte ?","Pour déposer un chèque, vous pouvez le faire dans une de nos agences ou utiliser notre service de dépôt de chèques en ligne via l'application mobile."
"Puis-je obtenir une carte bancaire avec un plafond plus élevé ?","Oui, selon votre situation financière, il est possible d'augmenter le plafond de votre carte bancaire. Contactez un conseiller pour connaître les options disponibles."
"Comment obtenir un prêt pour l'achat d'un bien immobilier ?","Pour obtenir un prêt immobilier, vous devrez soumettre votre demande en ligne ou via un conseiller. Nous analyserons votre dossier pour déterminer le montant et les conditions de votre prêt."
"Comment accéder à mes documents fiscaux ?","Vous pouvez accéder à vos documents fiscaux en ligne dans la section 'Documents' de votre espace client."
"Puis-je transférer de l'argent instantanément entre comptes ?","Oui, nous proposons un service de transfert d'argent instantané entre comptes de la même banque. Vous pouvez effectuer cette opération directement depuis votre espace client."
"Comment obtenir un relevé de situation ?","Pour obtenir un relevé de situation, vous pouvez le télécharger directement depuis votre espace client ou demander qu'il vous soit envoyé par mail."